requested,run,clues,handler_ms
Easy,0,39,0.400
Easy,1,39,0.400
Easy,2,39,0.300
Easy,3,39,0.300
Easy,4,39,0.400
Easy,5,39,0.300
Easy,6,39,0.300
Easy,7,39,0.400
Easy,8,39,0.200
Easy,9,39,0.400
Easy,10,39,0.400
Easy,11,39,0.400
Easy,12,39,0.300
Easy,13,39,0.300
Easy,14,39,0.300
Easy,15,39,0.300
Easy,16,39,0.200
Easy,17,39,0.400
Easy,18,39,0.400
Easy,19,39,0.400
Medium,0,31,2.300
Medium,1,31,0.700
Medium,2,31,0.900
Medium,3,31,0.400
Medium,4,31,0.500
Medium,5,31,0.700
Medium,6,31,0.500
Medium,7,31,0.700
Medium,8,31,0.500
Medium,9,31,0.600
Medium,10,31,0.500
Medium,11,31,0.500
Medium,12,31,1.500
Medium,13,31,0.900
Medium,14,31,0.500
Medium,15,31,0.600
Medium,16,31,0.900
Medium,17,31,0.600
Medium,18,31,0.900
Medium,19,31,1.000
Hard,0,27,13.600
Hard,1,27,16.200
Hard,2,27,8.800
Hard,3,29,1.300
Hard,4,29,1.300
Hard,5,27,2.700
Hard,6,25,5.500
Hard,7,27,3.700
Hard,8,29,4.000
Hard,9,29,1.800
Hard,10,27,4.400
Hard,11,27,8.400
Hard,12,27,26.700
Hard,13,27,11.900
Hard,14,29,1.400
Hard,15,29,2.700
Hard,16,27,5.200
Hard,17,29,3.800
Hard,18,27,6.100
Hard,19,29,1.400
Expert,0,27,5.300
Expert,1,29,10.900
Expert,2,25,3.100
Expert,3,31,13.300
Expert,4,27,29.000
Expert,5,29,1.500
Expert,6,27,3.600
Expert,7,29,1.000
Expert,8,29,5.100
Expert,9,27,3.700
Expert,10,29,8.900
Expert,11,27,2.400
Expert,12,27,6.000
Expert,13,27,6.300
Expert,14,27,2.800
Expert,15,29,2.300
Expert,16,27,3.000
Expert,17,29,2.800
Expert,18,27,17.700
Expert,19,29,7.500
Master,0,25,4.100
Master,1,27,5.600
Master,2,31,7.800
Master,3,29,9.900
Master,4,27,19.000
Master,5,25,10.900
Master,6,27,4.600
Master,7,29,3.900
Master,8,27,3.700
Master,9,27,1.300
Master,10,25,26.300
Master,11,27,6.900
Master,12,29,3.000
Master,13,29,28.300
Master,14,29,2.900
Master,15,29,2.600
Master,16,27,10.600
Master,17,27,6.700
Master,18,27,5.500
Master,19,29,15.200
