requested,run,clues,handler_ms,measured,technique,grader_version
Easy,0,43,0.500,Easy,NakedSingle,1
Easy,1,44,0.500,Easy,NakedSingle,1
Easy,2,42,0.400,Easy,NakedSingle,1
Easy,3,39,0.600,Easy,NakedSingle,1
Easy,4,38,0.700,Easy,NakedSingle,1
Easy,5,46,0.500,Easy,NakedSingle,1
Easy,6,41,0.500,Easy,NakedSingle,1
Easy,7,40,0.600,Easy,NakedSingle,1
Easy,8,45,0.600,Easy,NakedSingle,1
Easy,9,38,0.600,Easy,HiddenSingle,1
Easy,10,46,0.400,Easy,NakedSingle,1
Easy,11,38,0.600,Easy,NakedSingle,1
Easy,12,42,0.400,Easy,NakedSingle,1
Easy,13,36,0.500,Easy,NakedSingle,1
Easy,14,46,0.400,Easy,NakedSingle,1
Easy,15,37,0.500,Easy,NakedSingle,1
Easy,16,45,0.800,Easy,NakedSingle,1
Easy,17,44,0.900,Easy,NakedSingle,1
Easy,18,42,0.900,Easy,NakedSingle,1
Easy,19,45,0.600,Easy,NakedSingle,1
Medium,0,30,1.200,Medium,LockedCandidates,1
Medium,1,26,1.800,Medium,LockedCandidates,1
Medium,2,30,1.800,Medium,LockedCandidates,1
Medium,3,30,2.200,Medium,LockedCandidates,1
Medium,4,31,1.200,Medium,LockedCandidates,1
Medium,5,30,1.400,Medium,LockedCandidates,1
Medium,6,31,1.400,Medium,LockedCandidates,1
Medium,7,30,4.300,Medium,LockedCandidates,1
Medium,8,28,2.800,Medium,LockedCandidates,1
Medium,9,30,1.000,Medium,LockedCandidates,1
Medium,10,32,2.000,Medium,LockedCandidates,1
Medium,11,30,1.400,Medium,LockedCandidates,1
Medium,12,30,1.300,Medium,LockedCandidates,1
Medium,13,30,1.800,Medium,LockedCandidates,1
Medium,14,28,0.900,Medium,LockedCandidates,1
Medium,15,30,2.500,Medium,LockedCandidates,1
Medium,16,31,2.000,Medium,LockedCandidates,1
Medium,17,30,2.100,Medium,LockedCandidates,1
Medium,18,30,1.000,Medium,LockedCandidates,1
Medium,19,26,1.300,Medium,LockedCandidates,1
Hard,0,28,4.000,Hard,NakedSubset,1
Hard,1,30,1.000,Hard,NakedSubset,1
Hard,2,28,2.200,Hard,NakedSubset,1
Hard,3,28,1.300,Hard,NakedSubset,1
Hard,4,28,1.100,Hard,NakedSubset,1
Hard,5,28,2.000,Hard,NakedSubset,1
Hard,6,28,1.600,Hard,NakedSubset,1
Hard,7,28,2.200,Hard,NakedSubset,1
Hard,8,28,0.900,Hard,NakedSubset,1
Hard,9,28,5.500,Hard,NakedSubset,1
Hard,10,28,1.200,Hard,NakedSubset,1
Hard,11,28,3.000,Hard,NakedSubset,1
Hard,12,28,1.700,Hard,NakedSubset,1
Hard,13,28,2.100,Hard,NakedSubset,1
Hard,14,28,1.900,Hard,NakedSubset,1
Hard,15,28,1.300,Hard,NakedSubset,1
Hard,16,28,1.500,Hard,NakedSubset,1
Hard,17,28,3.000,Hard,NakedSubset,1
Hard,18,28,2.000,Hard,NakedSubset,1
Hard,19,28,1.500,Hard,NakedSubset,1
Expert,0,26,0.900,Expert,SimpleColoring,1
Expert,1,26,1.000,Expert,SimpleColoring,1
Expert,2,26,1.300,Expert,SimpleColoring,1
Expert,3,26,1.000,Expert,SimpleColoring,1
Expert,4,26,1.000,Expert,SimpleColoring,1
Expert,5,26,0.900,Expert,SimpleColoring,1
Expert,6,26,1.200,Expert,SimpleColoring,1
Expert,7,26,1.000,Expert,SimpleColoring,1
Expert,8,26,1.200,Expert,SimpleColoring,1
Expert,9,26,0.900,Expert,SimpleColoring,1
Expert,10,26,1.100,Expert,SimpleColoring,1
Expert,11,26,1.300,Expert,SimpleColoring,1
Expert,12,26,1.200,Expert,SimpleColoring,1
Expert,13,26,1.000,Expert,SimpleColoring,1
Expert,14,26,1.100,Expert,SimpleColoring,1
Expert,15,26,1.100,Expert,SimpleColoring,1
Expert,16,26,1.100,Expert,SimpleColoring,1
Expert,17,26,1.100,Expert,SimpleColoring,1
Expert,18,26,1.000,Expert,SimpleColoring,1
Expert,19,26,0.900,Expert,SimpleColoring,1
Master,0,28,2.000,Master,XChain,1
Master,1,28,1.800,Master,XChain,1
Master,2,28,1.700,Master,XChain,1
Master,3,28,1.900,Master,XChain,1
Master,4,28,2.200,Master,XChain,1
Master,5,28,1.600,Master,XChain,1
Master,6,28,2.000,Master,XChain,1
Master,7,28,1.700,Master,XChain,1
Master,8,28,1.900,Master,XChain,1
Master,9,28,2.300,Master,XChain,1
Master,10,28,1.800,Master,XChain,1
Master,11,28,1.700,Master,XChain,1
Master,12,28,1.700,Master,XChain,1
Master,13,28,1.700,Master,XChain,1
Master,14,28,2.900,Master,XChain,1
Master,15,28,1.900,Master,XChain,1
Master,16,28,1.800,Master,XChain,1
Master,17,28,1.800,Master,XChain,1
Master,18,28,2.000,Master,XChain,1
Master,19,28,1.700,Master,XChain,1
