requested,run,target_min,target_max,clues,engine_label,seed,generation_ms,puzzle,solution
Easy,0,40,45,39,Medium,1791566035725669415,0.103,070006100005000709009704003090043810432168975016590020200409600703000400008600030,374926158625381749189754263597243816432168975816597324251439687763815492948672531
Easy,1,40,45,39,Medium,1791566035725787390,0.085,070168050010000802640350000700905640095040120064203009000026087407000010020871030,279168354513794862648352791732915648895647123164283579351426987487539216926871435
Easy,2,40,45,39,Medium,1791566035725895788,0.058,805030060760501000004609008009003105450916073307200600200105400000807036070060209,895432761763581942124679358689743125452916873317258694236195487941827536578364219
Easy,3,40,45,39,Medium,1791566035725965009,0.078,680100200302008109001520003860004090910030046070900018500091600107200405006007081,689173254352648179741529863863714592915832746274965318538491627197286435426357981
Easy,4,40,45,39,Medium,1791566035726053060,0.212,400000000050408070027596081100650830005982100046037002570369210060801050000000004,489713625651428973327596481192654837735982146846137592574369218263841759918275364
Easy,5,40,45,39,Medium,1791566035726297108,0.060,060715008000009473902480001007308009050090040100204600700042905325900000800531020,463715298581629473972483561247368159658197342139254687716842935325976814894531726
Easy,6,40,45,39,Medium,1791566035726363415,0.443,080603090605002801071800426700000000219030685000000003836004970104200308020306050,482613597695742831371895426743568219219437685568921743836154972154279368927386154
Easy,7,40,45,39,Medium,1791566035726876480,0.095,030910270067002000021078009809045000602090105000280906700160820000800650086057090,538916274967432518421578369819645732642793185375281946754169823193824657286357491
Easy,8,40,45,39,Medium,1791566035726982730,0.079,020006901390005084800090050079530100030724090002061870050080007480600019901400020,725846931396215784814397256679538142138724695542961873253189467487652319961473528
Easy,9,40,45,39,Medium,1791566035727077901,0.124,040020001000016200610000070506103809128975346904602705080000034001390000200050060,349728651857416293612539478576143829128975346934682715785261934461397582293854167
Easy,10,40,45,39,Medium,1791566035727231691,0.069,800700020100620845092001060200074003305010409900360002080100290721096008030008004,856743921173629845492581367218974653365812479947365182584137296721496538639258714
Easy,11,40,45,39,Medium,1791566035727320122,0.067,007208005000000000508700024093847250254030817086152430460001302000000000800504600,347298165629415783518763924193847256254639817786152439465981372971326548832574691
Easy,12,40,45,39,Medium,1791566035727410999,0.079,000720000020400081067180052052008304700652008801300260530041620470003010000097000,184725936925436781367189452652918374743652198891374265539841627478263519216597843
Easy,13,40,45,39,Medium,1791566035727509080,0.089,060083120370540080890000300100450070750020041020018005008000093030091062046230010,465983127371542689892167354183459276759326841624718935218674593537891462946235718
Easy,14,40,45,39,Medium,1791566035727619759,0.101,100090002006000598700208034420006005970483016300500047840702009592000800600050003,184395762236147598759268134421976385975483216368521947843712659592634871617859423
Easy,15,40,45,39,Medium,1791566035727733358,0.099,800000300327049000156000090240506730930080045075401089060000827000650914002000003,894165372327849156156723498248596731931287645675431289569314827783652914412978563
Easy,16,40,45,39,Medium,1791566035727859894,0.088,470500380012098604009060021000800590000235000037009000290070800105980470048002036,476521389312798654859364721621847593984235167537619248293476815165983472748152936
Easy,17,40,45,39,Medium,1791566035727962700,0.147,036200980000003067752698401000000190200030008089000000605324819120700000043006750,436271985891543267752698431567482193214935678389167524675324819128759346943816752
Easy,18,40,45,39,Medium,1791566035728165417,0.057,071400006050068010080002504042039607000615000905240180403500070020380040500004360,271453896354968712689172534142839657837615429965247183413596278726381945598724361
Easy,19,40,45,39,Medium,1791566035728240016,0.089,100008000405037000008005340090102076251876493780309050047500100000920507000700004,132498765465237918978615342394152876251876493786349251847563129613924587529781634
Medium,0,32,38,31,Hard,1791566035728356681,0.486,300001000090062080620900000935008010002050900060200853000005026070420030000100008,348571269597362184621984375935748612182653947764219853413895726879426531256137498
Medium,1,32,38,31,Hard,1791566035729068112,0.512,190000000320008040008030602000000509249050367605000000907060100030900056000000094,194526873326178945578439612713642589249851367685793421957264138431987256862315794
Medium,2,32,38,31,Hard,1791566035729678118,0.503,009500001700080000001070203008002300904138602003900400405090700000050004200004900,649523871732481596851679243568742319974138652123965487415296738396857124287314965
Medium,3,32,38,31,Hard,1791566035730216354,0.915,078069030001080940002007000500000609007090500809000001000600700086050400090740850,478169235631285947952437168524371689317896524869524371245618793786953412193742856
Medium,4,32,38,31,Hard,1791566035731271722,0.604,810000006645700003000403500407006050000090000090500607004102000500004732700000041,813259476645718293279463518487326159156897324392541687934172865561984732728635941
Medium,5,32,38,31,Hard,1791566035732061806,0.500,005030004430000509010000036000910000920456087000072000340000060106000052700060100,685139274437628519219745836874913625921456387563872941342591768196387452758264193
Medium,6,32,38,31,Hard,1791566035732700786,0.486,001600830000045062000003090300062000085030210000150004040500000930270000026001700,491627835873945162652813497314762589785439216269158374147586923938274651526391748
Medium,7,32,38,31,Hard,1791566035733214800,0.261,000002900068050041027800030000000064400698002510000000040006710730010690001900000,154362987368759241927841536892175364473698152516423879249586713735214698681937425
Medium,8,32,38,31,Hard,1791566035733517564,0.608,000960400060273000000804500000050970700149002089020000002401000000782060007096000,128965437564273891973814526231658974756149382489327615692431758345782169817596243
Medium,9,32,38,31,Hard,1791566035734291023,0.342,801070000060800005390005040010080006605040709900060080020700054400006010000020608,851974263764832195392615847217589436685143729943267581126798354478356912539421678
Medium,10,32,38,31,Hard,1791566035734681787,0.797,007002408209750000000800009438007000005060300000500897500009000000085903802300700,317692458289754631654831279438927516975168324126543897563479182741285963892316745
Medium,11,32,38,31,Hard,1791566035735741389,0.394,000000090907100300000509208000021003462090157100760000601307000009008401030000000,518236794927184365346579218795421683462893157183765942651347829279658431834912576
Medium,12,32,38,31,Hard,1791566035736219164,0.225,000091067080003000090605002408000200015060780007000904600304020000700040140520000,324891567586273491791645832438957216915462783267138954679384125852716349143529678
Medium,13,32,38,31,Hard,1791566035736478325,0.153,002071000001000320490000080040059060920010045050460030080000092073000800000240500,832971456761584329495326187348759261926813745157462938584137692273695814619248573
Medium,14,32,38,31,Hard,1791566035736683623,0.301,000528160000001007180079020502000000300080006000000405070140058800300000035896000,947528163256431987183679524592764831314985276768213495679142358821357649435896712
Medium,15,32,38,31,Hard,1791566035737075018,0.831,600090500370000010089103700000007001023080690100200000005406270010000046007020005,641792583372658419589143762854967321723581694196234857935416278218375946467829135
Medium,16,32,38,31,Hard,1791566035737964644,0.566,000600027000000000007300860580040902704952601901070035075008300000000000690004000,349685127168427593257391864586143972734952681921876435475268319812539746693714258
Medium,17,32,38,31,Hard,1791566035738838276,0.203,900000160506040000021607008060004000058090640000500030600103850000080307073000006,937825164586941273421637598269314785358792641714568932642173859195486327873259416
Medium,18,32,38,31,Hard,1791566035739120076,0.160,002100074000060350000007208000713006003020900400895000509300000031080000640002100,952138674187264359364957218895713426713426985426895731579341862231689547648572193
Medium,19,32,38,31,Hard,1791566035739344705,0.422,570000010082004750610027000000803600000060000005709000000170049047900160050000037,573698412982314756614527983721853694498261375365749821836172549247935168159486237
Hard,0,26,31,27,Hard,1791566035739905719,7.188,700006000016700000500000017093200008002040100600009520160000009000005280000400001,739516842216784935584923617493251768852647193671839524168372459347195286925468371
Hard,1,26,31,31,Hard,1791566035747691671,1.791,042000009000006000000954080038010500904263801006090320090538000000600000800000960,342781659589326417167954283238417596954263871716895324691538742425679138873142965
Hard,2,26,31,31,Hard,1791566035749658885,3.453,000750100090082503000106400064000001080070040500000760005204000609510030001067000,428753196196482573357196428764325981982671345513849762875234619649518237231967854
Hard,3,26,31,29,Hard,1791566035753272433,1.705,207800300900205000600190500000000080098050240030000000009026005000509007005007908,257864391913275864684193572546732189798651243132948756879326415421589637365417928
Hard,4,26,31,25,Expert,1791566035755017605,1.525,080000000004830100000051020800000490000268000031000006070910000005047900000000070,187426359524839167693751824862173495459268713731594286378915642215647938946382571
Hard,5,26,31,27,Hard,1791566035757209788,9.369,008041005000000000030700281800003007010060050900100002592008010000000000700530400,628341795179285634435796281856923147217864953943157862592478316384612579761539428
Hard,6,26,31,29,Hard,1791566035767882616,0.870,703060548000000007800005300060010800010030050002040030007900001600000000139080205,793162548451398627826475319364517892918236754572849136287953461645721983139684275
Hard,7,26,31,31,Hard,1791566035768915977,0.229,360005001209008004010090000045001900000653000002700560000060070700100209900500016,364275891279318654518496723645821937897653142132749568481962375756134289923587416
Hard,8,26,31,29,Hard,1791566035769155188,3.038,001000006000610730630000100205090000003178200000020907008000072046089000500000800,821937456459612738637854129275496381963178245184325967398541672746289513512763894
Hard,9,26,31,29,Hard,1791566035772495213,1.027,000601003000700409005000060009027300053060180004530200040000900708002000900805000,427691853816753429395284761689127345253469187174538296542376918768912534931845672
Hard,10,26,31,27,Hard,1791566035773682799,2.608,000004098009100030002050610000079004000010000200580000021090700060007100870300000,516734298789162435342958617138279564657413829294586371421695783963847152875321946
Hard,11,26,31,29,Hard,1791566035776525913,0.902,640002107800001030005004000960000000204030608000000025000200400080400006409500081,643852197892761534175394862968125743254937618731648925516283479387419256429576381
Hard,12,26,31,27,Hard,1791566035777505605,5.948,000300072060900840000008000005010007001543200300080400000800000049005010630002000,854361972163927845972458136495216387781543269326789451517894623249635718638172594
Hard,13,26,31,25,Expert,1791566035784730789,12.723,000070008000401700400600100000508010007020500020907000005006003006103000900040000,631275948859431726472689135394568217167324589528917364215896473746153892983742651
Hard,14,26,31,27,Hard,1791566035798850957,2.160,500160000608020000300009000007600050160050072040003600000400008000080407000096005,594168723618327549372549816837612954169854372245973681726435198953281467481796235
Hard,15,26,31,29,Hard,1791566035801348215,1.295,080001000300000907200050001050300260460070095028004010100080009809000002000400070,587941326314826957296753481751398264463172895928564713145287639879635142632419578
Hard,16,26,31,31,Hard,1791566035802878937,1.888,860400090300089706000030080001000024000614000470000800040060000106850002050003079,865471293324589716917236485631798524582614937479325861743962158196857342258143679
Hard,17,26,31,27,Hard,1791566035804873609,12.870,407080050010002000830400070000190005000060000600034000040006019000700060050010302,467389251519672483832451976284197635173265894695834127348526719921743568756918342
Hard,18,26,31,27,Hard,1791566035819751015,2.046,000903005780405000000010900063000040000154000040000250007020000000506072400307000,214983765789465123635712984563279841872154639941638257357821496198546372426397518
Hard,19,26,31,31,Hard,1791566035821958211,1.766,000500069000040000540091000025130806600080002308026590000260017000010000910007000,183572469769348125542691783425139876691785342378426591854263917237914658916857234
Expert,0,20,25,25,Expert,1791566035823906551,0.862,008001600030900020000000409060050004005020100200070030906000000010007040003600800,798241653634985721521763489167358294385429167249176538956814372812537946473692815
Expert,1,20,25,29,Hard,1791566035824890381,1.456,010020850006508200000004000700200930040060020023007005000400000001706500052030070,914623857376518249285974316768245931549361728123897465697452183431786592852139674
Expert,2,20,25,25,Expert,1791566035826536193,3.076,006080004300000700050002006010090000400326009000040070500400060008000003100030400,976583124321964785854712936615897342487326519293145678532479861748651293169238457
Expert,3,20,25,29,Hard,1791566035830867826,9.442,002001009300400050090700000003090004529040137600050900000008010080004005900200400,762581349318429756495763821873192564529846137641357982254978613187634295936215478
Expert,4,20,25,27,Hard,1791566035840916537,2.674,830040000700008040600100007500090700000821000002030006200006003090200008000070064,831742659759368142624159387583694721967821435142537896275486913496213578318975264
Expert,5,20,25,29,Hard,1791566035844156113,4.788,001600080000908305950000002070060100600020007004070020300000071807205000060003200,431652789726948315958137462273869154619524837584371926392486571847215693165793248
Expert,6,20,25,29,Hard,1791566035849175261,7.318,098040700070506000004008003001800020800010009060005800700600300000209070009030540,698342715173596284524178963951863427832417659467925831715684392346259178289731546
Expert,7,20,25,27,Hard,1791566035856845975,0.852,540030000009700831000000000001390500003070200005061700000000000832009100000080056,547138629269745831318926475781392564693574218425861793956417382832659147174283956
Expert,8,20,25,29,Hard,1791566035857849565,2.564,000098007500000403000040810003900005609070201200001700062030000705000004800560000,416398527528716493397245816173924685659873241284651739962437158735182964841569372
Expert,9,20,25,25,Expert,1791566035860560816,1.052,430006000600900000000002017160004080000050000080600079820300000000009004000700025,432176958671985342958432617167294583293857461584613279825341796716529834349768125
Expert,10,20,25,27,Hard,1791566035861740331,3.866,000084560000100007760000900000050210000342000092010000006000089500006000017490000,931784562254169837768235941673958214185342796492617358326571489549826173817493625
Expert,11,20,25,27,Hard,1791566035865870868,7.908,010049076000000200000000049000003090590187034060900000340000000008000000150690080,215349876934876251876521349481263795592187634763954128349718562628435917157692483
Expert,12,20,25,27,Hard,1791566035875806964,4.343,700200000020080701060007030006100003003070500900003400070300080409050060000002005,791235648324986751865417932256194873143678529987523416572369184439851267618742395
Expert,13,20,25,25,Expert,1791566035880645132,10.630,030045800900000000002600040300800007200030008400009005080001600000000003001950080,136245879974318526852697341395862417217534968468179235583721694729486153641953782
Expert,14,20,25,29,Hard,1791566035893029156,1.075,087090060400005000009084002000060500041020890008010000200340100000200003030050240,387192465462735918519684732923468571741523896658917324275346189894271653136859247
Expert,15,20,25,27,Hard,1791566035894191591,3.981,010020007005000006009106050000201000430060021000705000090803600600000300100050070,316524897825397146749186253958231764437968521261745938594873612672419385183652479
Expert,16,20,25,27,Hard,1791566035899498164,7.249,040000000018306000309070000980000056004080100170000039000020604000601570000000010,547218963218396745369574281982137456634985127175462839751823694893641572426759318
Expert,17,20,25,25,Expert,1791566035908226394,5.081,450210000070300002000008900000100090200060001010002000007800000300004010000039058,459216387876395142132478965563187294294563871718942536947851623385624719621739458
Expert,18,20,25,29,Hard,1791566035914098395,0.887,700025400090000000518000062006400000005183200000007500830000721000000080001790005,763825419492631857518974362326459178975183246184267593839546721657312984241798635
Expert,19,20,25,25,Expert,1791566035915046493,3.444,710000250000001000300690000004008605000030000205100300000017008000900000026000041,719384256462571839358692417134728695697435182285169374543217968871946523926853741
Master,0,17,19,31,Hard,1791566035919089893,0.940,002000000810400529000007403100870900400030002003054001508200000761008095000000300,342589716817463529695127483156872934479631852283954671538296147761348295924715368
Master,1,17,19,27,Hard,1791566035920099307,2.800,800000450100470000005080630000000082000217000520000000018060200000024006069000003,872936451136475928945182637691543782384217569527698314418369275753824196269751843
Master,2,17,19,27,Hard,1791566035923327168,6.230,900006810002800000006300090360000520000050000057000043090008100000007200043100007,934576812512849376876321495369714528428953761157682943795268134681437259243195687
Master,3,17,19,27,Hard,1791566035931234809,13.764,058063000060010900300004008021000000040030020000000840400100006002040090000870210,258963471764518932319724658921485763845637129673291845497152386182346597536879214
Master,4,17,19,31,Hard,1791566035945464411,0.863,040630901306100400000007800000006300107080604008400000001300000009001506603095040,745638921386129475912547863594716382137982654268453719851364297429871536673295148
Master,5,17,19,31,Hard,1791566035946362950,6.938,006000090030080670090070000000590780089127360075038000000040010053060020040000800,716453298532981674894276531361594782489127365275638149628745913153869427947312856
Master,6,17,19,29,Hard,1791566035953650678,5.230,000004070540007809080030460000000003306080704200000000027050040405900036030600000,962814375543267819781539462178426593396185724254793681627351948415978236839642157
Master,7,17,19,27,Hard,1791566035959298257,5.512,500040000090201800300006940615000000000060000000000126067800004008704030000090001,586947312794231865321586947615372498249168573873459126967813254158724639432695781
Master,8,17,19,29,Hard,1791566035965539243,3.890,000017000930050040150000000005004069890070034320100800000000083080090072000280000,648917325932658741157423698715834269896572134324169857269741583581396472473285916
Master,9,17,19,25,Expert,1791566035969602799,17.904,042000050009000060010230800000058006000010000700620000004089020030000700070000980,642891357389475261517236849423958176865317492791624538154789623938562714276143985
Master,10,17,19,27,Hard,1791566035989760083,4.550,300807000005400070010000009670100200001080400009005067900000030040008600000601008,326897514895412376714563829673149285251786493489325167968254731147938652532671948
Master,11,17,19,25,Expert,1791566035995162355,14.779,000000204802607000007030000010204000600010005000305020000080600000401902904000000,136859274892647513547132869715294386623718495489365721251983647368471952974526138
Master,12,17,19,27,Hard,1791566036012250668,1.713,402000009050600030010800200500070903000050000209060008008007020040006080700000104,462731859857629431913845276584172963631958742279364518398417625145296387726583194
Master,13,17,19,27,Hard,1791566036014162446,2.708,000000500017050000650102900024000008300060009700000410009403065000010270003000000,932647581417859326658132947524791638381264759796385412179423865845916273263578194
Master,14,17,19,27,Hard,1791566036016997902,1.633,000000200400560090381000060090600008000239000100008040040000531020045009005000000,569873214472561893381492765297614358854239176136758942648927531723145689915386427
Master,15,17,19,29,Hard,1791566036018789546,1.850,910030700605007000080904000006000340070090010024000800000105080000700403009020075,912638754645217938783954261196582347378496512524371896237145689851769423469823175
Master,16,17,19,27,Hard,1791566036020728497,0.685,704000010600200003009004600000010086090070040340060000005300100400009008060000504,724536819681297453539184627257413986196872345348965271975348162412659738863721594
Master,17,17,19,29,Hard,1791566036021521384,3.408,004020016096001300000000500040500003010374080500002040001000000007600490480010600,854723916296851374173946528742598163619374285538162749961437852327685491485219637
Master,18,17,19,27,Hard,1791566036025023948,2.449,000000496000805000001406020200000030034080670070000002060508300000104000843000000,587312496426895713391476528218657934934281675675943182169528347752134869843769251
Master,19,17,19,27,Hard,1791566036027760112,5.148,080000400057300000200000103010806700300050008006209010708000001000002970002000040,683921457157364289249578163915846732324157698876239514768495321431682975592713846
