app_level,puzzle,se_rating,se_technique
Easy,000000290000000080007020504023001009800403006600500730306040900040000000059000000,2.0,Direct Hidden Pair
Easy,010072090800001060904600000009000317060000050751000900000007109020100004090840070,1.2,Hidden Single
Expert,910530000700000090080010000001006007870000053300800100000050010030000002000098045,4.0,Skyscraper 011
Easy,000008701090000206500370080048790020000103000030042890010064008204000010706800000,1.2,Hidden Single
Easy,050020010204500008090600500061000800080304020002000150008005070500007304040060080,2.0,Direct Hidden Pair
Easy,000002600005000097430010002908050030003807400070030509300070065560000900007400000,1.5,Hidden Single
Easy,971000005063700000200090070080002730620000098037500060010040007000006140700000983,1.2,Hidden Single
Easy,710900400000000000050640209000026700001000800004580000807062010000000000005007023,1.5,Hidden Single
Expert,000000000050302800809070500093500080740060095080003170007080904005604030000000000,4.0,Skyscraper 011
Easy,030056070902301450000000100000503840060000090085204000008000000097108504020970030,1.2,Hidden Single
Expert,800007905305600012060500040000700400600304001004001000010005090780006504409800006,4.2,XY-Wing
Expert,004000120005010007000009060098060700010405030003090410040900000100050200062000300,4.0,Skyscraper 011
Expert,002503000980200070070060200004000050000106000010000700007020010020005039000801600,4.0,Skyscraper 011
Medium,000090100000058079600000008209034510005010200061570304900000005580340000006080000,1.7,Direct Pointing
Expert,067008000050001070100070205030000006001602800800000090403090002010800050000700940,4.2,XY-Wing
Medium,000298007000000000200500486500020809090704020702080004914002008000000000800935000,2.5,Direct Hidden Triplet
Expert,103500000009001702000908000005000078020305090910000600000106000502700400000002507,4.2,XY-Wing
Expert,028006050400500000070900200000000046704080503850000000001003020000001009080200730,4.0,Skyscraper 011
Medium,750000001016300050300080000402038010000904000030520704000060005090003120500000048,2.6,Pointing
Medium,080004000600000708004008069190000030007000900050000087260900800701000004000100050,2.0,Direct Hidden Pair
Hard,003908000608017000010004000004009601800000005309500400000400080000760504000102300,3.4,Hidden Pair
Medium,007300006300008100506190000600270800010405060002086005000049501008600004900003600,2.0,Direct Hidden Pair
Medium,280030400900057020070000003009700010004000200030008600400000050090480006002060084,2.6,Pointing
Medium,500480600020009000409000080000003140300801005012500000070000409000200070005046002,2.0,Direct Hidden Pair
Medium,000000820900081600080270400000700002023409580600008000006057090008690004059000000,2.6,Pointing
Hard,005003928004000005000900040010004506800000004403500010030005000100000800562700400,3.4,Hidden Pair
Master,100050000640107000582000000200006009095000610400300008000000387000704091000020005,5.4,3 Skyscrapers 0111
Master,008400005260700000900008001509007200040000060007100509400900006000005034100004800,5.4,3 Skyscrapers 0111
Master,004035290000060004102900300300009040009000700040300001001008403800050000023670500,5.5,3 Strong links 0011
Master,600035400000610020040080013190000004060000050800000069310050070070063000005970006,5.5,3 Strong links 0011
