requested,run,clues,engine_label,seed,generation_ms,puzzle,solution
Easy,0,44,Easy,1791567277281699290,0.212,070364001400875030068290470000702058800906003950103000082039510040517002500428060,275364891491875236368291475136742958827956143954183627782639514649517382513428769
Easy,1,40,Easy,1791567277281933589,0.228,002003710006084293030090085607000809900801006208000501320010060469730100081900300,892563714576184293134297685617345829953821476248679531325418967469732158781956342
Easy,2,42,Easy,1791567277282181514,0.190,000004003000361078031520096029403010374000965050906320890015740460239000500800000,286794153945361278731528496629453817374182965158976324893615742467239581512847639
Easy,3,46,Easy,1791567277282382614,0.190,000307800028600430001528790103406580507902304084103609075861200036004150002705000,659347821728619435341528796193476582567982314284153679975861243836294157412735968
Easy,4,38,Easy,1791567277282583507,0.239,569003120328004560700020093000430000000508000000079000810090005094100386053800971,569783124328914567741625893986431752172568439435279618817396245294157386653842971
Easy,5,35,Easy,1791567277282838795,0.284,506004900008060100270010004720100806000895000803002015900030041004050700007400309,516324987348967152279518634725143896461895273893672415982736541134259768657481329
Easy,6,44,Easy,1791567277283145419,0.203,000301804310900050480602019648010530070504080035080942720805093060003078803107000,956371824312948756487652319648219537279534681135786942724865193561493278893127465
Easy,7,34,Easy,1791567277283362668,0.267,902000671801920003000104000000710009508000706700086000000603000400051907659000108,942538671861927543375164892236715489518349726794286315187693254423851967659472138
Easy,8,44,Easy,1791567277283646808,0.206,507006001906321700012000039673980000081203590000014873320000910009142305100700204,537896421946321758812457639673985142481273596295614873324568917769142385158739264
Easy,9,40,Easy,1791567277283864174,0.199,069004008425800160800025004041290003000701000600083710500310002078002345200500890,369174258425839167817625934741296583983751426652483719594318672178962345236547891
Easy,10,41,Easy,1791567277284075243,0.267,080143057500082300000006280892501600050090070001304895048200000005430008930865020,286143957574982316319756284892571643453698172761324895648217539125439768937865421
Easy,11,36,Easy,1791567277284363328,0.325,601007050040010007087025600008392000700801009000754300005170940200040070070200503,621937854549618237387425691468392715753861429912754386835176942296543178174289563
Easy,12,44,Easy,1791567277284714398,0.187,000423070021000400840109506054860937007305800398042650509608014006000780080917000,965423178721586493843179526254861937617395842398742651579638214136254789482917365
Easy,13,42,Easy,1791567277284911267,0.225,760050143400000570051403690000608300310207065007504000092301750074000001136020084,769852143483169572251473698945618327318297465627534819892341756574986231136725984
Easy,14,40,Easy,1791567277285149867,0.206,605140070240760000087002046472001000910000067000400192850900320000014059090025604,635149278249768513187532946472691835918253467563487192854976321326814759791325684
Easy,15,42,Easy,1791567277285368178,0.210,073200800020563001065089030037010046480000029590030170040850210700326050002004680,973241865824563791165789432237918546481675329596432178649857213718326954352194687
Easy,16,38,Easy,1791567277285587789,0.255,063200400098001020520034000205040030076305180030070502000460019010800640009002870,763289451498751326521634798285146937976325184134978562857463219312897645649512873
Easy,17,36,Easy,1791567277285865965,0.357,510007920020180006376040010730000000001308500000000031050090148100052060047800059,518637924924185376376249815735961482461328597892574631253796148189452763647813259
Easy,18,44,Easy,1791567277286243585,0.201,203006709007030102905000630409610820560302041021048506094000308706090200802100407,213486759647539182985721634479615823568372941321948576194257368736894215852163497
Easy,19,36,Easy,1791567277286472898,0.272,317200400680094300020008000500400107043000290102009003000900030004820071006007924,317265489685794312429318756598432167743681295162579843271946538954823671836157924
Medium,0,30,Medium,1791567277286768366,2.203,600425000000000000497001006801060007040807010500010604100500763000000000000146008,613425879258679431497381526821964357346857912579213684184592763962738145735146298
Medium,1,30,Medium,1791567277289041539,0.693,012000000006320009003015020300006000087902160000500008060850900200064300000000680,812679435456328719973415826329186547587942163641537298164853972298764351735291684
Medium,2,30,Medium,1791567277290439272,0.649,004050026060700480130060070000006708000000000803200000010090067059008030780020500,974851326265739481138462975521346798647985213893217654312594867459678132786123549
Medium,3,26,Medium,1791567277291119534,0.407,083002090009504006020080100204000000000000000000000601006040080500607900010800460,483162795179534826625789134254916378861473259937258641796341582548627913312895467
Medium,4,28,Medium,1791567277291608133,0.570,004000069060800701900046000040007000210000058000100070000290004105003090420000800,854712369362859741971346285543987126217634958698125473736298514185473692429561837
Medium,5,30,Medium,1791567277292262848,0.464,307504200002090000004200000200040908500902006908030005000009400000050100009803502,387564291152398674694217853236745918571982346948631725865129437723456189419873562
Medium,6,28,Medium,1791567277292767372,0.541,109040000050006200003005001900081050800000009030460007700600900008900020000010305,129748563457136298683295741974381652861572439532469817715623984348957126296814375
Medium,7,32,Medium,1791567277293362764,0.518,700003450000070000040200307020037806008902500604150070907001020000040000063700008,716893452832574169549216387125437896378962541694158273957381624281649735463725918
Medium,8,24,Medium,1791567277293913732,0.496,000003050000009048400500010005070080009000700030010200070001004580700000090600000,918423657752169348463587912125376489649258731837914265376891524584732196291645873
Medium,9,32,Medium,1791567277294496544,1.234,100008200006500008000096107005023001010704060700150300607940000400001500001800009,194378256376512498852496137945623781213784965768159324637945812489261573521837649
Medium,10,26,Medium,1791567277295770922,0.526,000700020201000006960200700040000095009000100120000030002009068700000501030005000,485761923271934856963258714347182695659347182128596437512479368796823541834615279
Medium,11,28,Medium,1791567277296338983,1.411,870050100400023080030000005004300090001000800050007600100000020040170006008060071,872459163415623789936781245684312597721596834359847612167935428243178956598264371
Medium,12,30,Medium,1791567277297829371,1.961,900186000000000000714003006801060003060409080400010609100600458000000000000328001,952186374386974215714253896891762543265439187437815629123697458678541932549328761
Medium,13,28,Medium,1791567277299841885,0.549,300170500060003000207000060000005380500804009078900000040000207000200030001047005,389176542164523978257498163912765384536814729478932651843659217795281436621347895
Medium,14,30,Medium,1791567277300426388,1.486,073000000008630009006071030600008000054903780000100005080510900300082600000000850,573849261218635479946271538639758124154923786827164395782516943395482617461397852
Medium,15,28,Medium,1791567277302381671,0.902,000040905007800010200600800090360002700000008800074050009005004050006100408030000,186743925937852416245619873591368742764521398823974651679185234352496187418237569
Medium,16,31,Medium,1791567277303333151,0.818,007010000210460000900000002073250406002030800809046230700000001000021059000090300,537812964218469573946573182173258496462937815859146237795384621384621759621795348
Medium,17,28,Medium,1791567277304193506,0.438,604000002079005000010390000807050060900000005040010308000081050000500710100000809,654178932379245681218396547827953164931864275546712398792681453483529716165437829
Medium,18,32,Medium,1791567277304682454,0.554,006500007300006200901730000100620800060103090002048006000079601009200005600005400,246581937357496218981732564195627843468153792732948156524379681819264375673815429
Medium,19,32,Medium,1791567277305262819,0.855,054100002000020000201006040709210060005603900020058407060800203000040000900002170,654139782378425619291786345739214568845673921126958437467891253512347896983562174
Hard,0,28,Hard,1791567277306158237,0.578,378500600400000900010003000601300040900000006040006307000200060006000003003001289,378594621465712938219863754681379542937425816542186397894237165126958473753641289
Hard,1,28,Hard,1791567277306862213,0.502,000308500000120306000400020206800400700000003004007805030004000407061000005902000,621378549849125376573496128216853497758649213394217865932784651487561932165932784
Hard,2,28,Hard,1791567277307436017,1.194,070036000005000000230709000400001785090000060687300001000107052000000600000250090,874536219915428376236719548423691785591872463687345921349167852152984637768253194
Hard,3,28,Hard,1791567277308687270,0.640,008004625001000003000500090030005908800000001205800030080007000500000800167900500,978314625651792483342586197734125968896473251215869734489257316523641879167938542
Hard,4,28,Hard,1791567277309463794,0.923,540970000206004000800600095300500100000000000005009006970005001000400908000092057,541973862296854713837621495328546179769218534415739286972385641153467928684192357
Hard,5,28,Hard,1791567277310432624,2.091,000908300000760504000400010302500400100000005004002609090004000601097000003201000,425918367918763524736425918362579481179846235584132679297684153651397842843251796
Hard,6,28,Hard,1791567277312643154,0.643,006001958004000006000900040070004603800000004401600070010006000700000800635200400,326471958194825736587963142279154683863792514451638279918546327742319865635287491
Hard,7,28,Hard,1791567277313350861,0.838,040016000003000000610702000200009753030000040157200008000407096000000100000390070,842916537793854612615732489264189753938675241157243968581427396379568124426391875
Hard,8,28,Hard,1791567277314274131,0.931,000860040000000500000104069524700003080000010700006428950407000008000000010059000,179865342846293571235174869524718693683942715791536428952487136468321957317659284
Hard,9,28,Hard,1791567277315253693,0.463,000570060000000900000806074926300001050000080300007625490603000005000000080094000,834579162567241938219836574926385741751462389348917625492653817675128493183794256
Hard,10,28,Hard,1791567277315766348,0.617,003108000704095000020007000007004603400000002809600700000700080000580209000206300,593128467764395128128467935217854693436971852859632714342719586671583249985246371
Hard,11,28,Hard,1791567277316476674,0.618,271500900300000800060002000906200030800000009030009207000400090009000002002006418,271583946395764821468192753916278534827345169534619287183427695649851372752936418
Hard,12,28,Hard,1791567277317224365,0.599,003009681002000004000100050040001503300000002801300040030007000100000300267500100,573429681612758934498136257749281563356974812821365749935817426184692375267543198
Hard,13,28,Hard,1791567277317960884,2.073,007204000603059000010006000006003807300000001405800600000600040000940105000108700,957214386683759214214386579126493857378562491495871623731625948862947135549138762
Hard,14,28,Hard,1791567277320133509,0.599,005003921004000005000900040060004508100000004403500060030005000600000100582700400,875463921394172685216958347769324518158697234423581769931245876647839152582716493
Hard,15,28,Hard,1791567277320803181,1.435,001708000205036000040002000002005901500000004803900200000200080000680403000409100,631748592295136748748592316472865931519327864863914275154273689927681453386459127
Hard,16,28,Hard,1791567277322343681,0.570,006005784002000006000700020010002603400000002205600010050006000100000400638900200,396215784572498136841763529917582643463179852285634917754826391129357468638941275
Hard,17,28,Hard,1791567277322977045,1.073,248500700700000600060008000107600090600000002090007506000700050002000009006003417,248596731719432685365178924127645893654389172893217546931764258472851369586923417
Hard,18,28,Hard,1791567277324106276,2.034,000018073000700904380009006002003005000000000900800300200300018608007000130480000,496518273521736984387249156812973645753624891964851327279365418648197532135482769
Hard,19,28,Hard,1791567277326198467,3.237,694100300500000200080006000308600050200000003050003609000700030003000006006008742,694125378531987264782436915348692157269571483157843629425769831873214596916358742
Expert,0,26,Expert,1791567277329570852,0.407,000907200060002035002040060070000800000401000006000010010020600590700020004103000,351967284469812735782345169175639842238471956946258317817524693593786421624193578
Expert,1,28,Expert,1791567277330032772,0.618,000700120040800060209010005800000010004305800090000003400070506060004070037008000,586793124341852769279416385853947612614325897792681453428179536165234978937568241
Expert,2,27,Expert,1791567277330739811,0.234,080056000502007003100030200045000006000090000200000830004070009900300102000910070,483256791592187643176439258845723916731698425269541837314872569957364182628915374
Expert,3,29,Expert,1791567277331124837,0.670,000000000010705200204090100047100020960030041020007890009020406001306070000000000,796218354813745269254693187347189625968532741125467893579821436481356972632974518
Expert,4,26,Expert,1791567277331915344,0.347,090000000042008010600100700280060004007000600500020078001003007070200150000000090,193472865742658319658139742289761534437985621516324978961543287874296153325817496
Expert,5,26,Expert,1791567277332314188,0.349,009405000280600070040070100001000040000904000060000300007090010010007052000806700,179485263285631974346279185891723546753964821462158397637592418918347652524816739
Expert,6,26,Expert,1791567277332706146,0.351,000000030040700560005009004600070048004000100780010002100500400027008050030000000,976854231842731569315629784651972348294386175783415692168593427427168953539247816
Expert,7,27,Expert,1791567277333114760,0.233,000940010600200504005060007900000430000080000061000005800020300507006008020078000,782945613639217584145863927978652431453189762261734895894521376517396248326478159
Expert,8,28,Expert,1791567277333512931,0.368,080500003000340000040008052093020508000000000407080630810700090000059000900006040,781592463562347189349168752693421578158673924427985631816734295274859316935216847
Expert,9,28,Expert,1791567277333945689,0.579,004000250009020001000008030087030100020409060006080420040800000200090500035000600,814973256379526841652148937487632195123459768596781423941865372268397514735214689
Expert,10,28,Expert,1791567277334589115,0.375,080900001000120000020008096031060908000000000207080510840700030000093000300005020,784936251956127483123458796531264978498571362267389514845712639672893145319645827
Expert,11,28,Expert,1791567277335026879,0.454,060400008000820000020006049078090406000000000205060380610500070000047000700003020,561479238439825167827136549378291456146358792295764381613582974952647813784913625
Expert,12,32,Expert,1791567277335542088,0.244,430050019097000500600400080900013850000000000058740003080004006006000470540070028,432857619897261534615439287974613852263985741158742963781524396326198475549376128
Expert,13,29,Expert,1791567277335819980,0.651,000030600000621090093004100050009040006050300020400070001800960040316000002090000,217935684584621793693784152358179246476258319129463578731842965945316827862597431
Expert,14,26,Expert,1791567277336534721,0.358,000804600030006057006020030040000100000209000003000090090060300780400060002905000,579834612238196457416527938947358126651249873823671594194762385785413269362985741
Expert,15,28,Expert,1791567277336945231,0.572,052000700600090200010300000007030160060109070034050800000003050009060008001000620,452681739673594281918372546297438165865129473134756892726813954549267318381945627
Expert,16,26,Expert,1791567277337584760,0.328,000420087040080201000001000000200006706000104200003000000100000901060070650048000,169425387345786291872931645598214736736859124214673859423197568981562473657348912
Expert,17,27,Expert,1791567277338009084,0.231,050036000308004002900020800073000006000010000800000520007040001100200908000190040,752836419318954672946721835573482196429615783861379524297548361134267958685193247
Expert,18,27,Expert,1791567277338391504,0.259,040300850000004007005001090370000000604080709000000048050600200100200000069005080,941367852826954317735821694378419526614582739592736148453698271187243965269175483
Expert,19,28,Expert,1791567277338836199,0.371,708500000001007508000203000002000034040806050970000800000904000507300400000008603,768519342321647598459283761682795134143826957975431826836974215517362489294158673
Master,0,28,Master,1791567277339256837,0.708,400006200000008093700200001003800104090000060104007800900001006650400000002600007,481936275526718493739254681273869154895143762164527839948371526657492318312685947
Master,1,28,Master,1791567277340077982,0.742,067500304010030000800709000390004700000000000008900053000605008000010020504007130,267581394419236875853749261395164782672358419148972653731625948986413527524897136
Master,2,30,Master,1791567277340882881,0.785,020003400100800000304060108700300600590000073002006009908050301000008006003400080,829713465165849732374265198781392654596184273432576819948657321217938546653421987
Master,3,30,Master,1791567277341743630,0.899,010002700900100000607050104400900800730000045009007003106090207000001006002700080,314682759925174368687359124461935872738216945259847613146598237873421596592763481
Master,4,28,Master,1791567277342685963,0.723,908005340000080070000103002003900018000000000850001200200504000060070000087300905,918725346532486179746193852623947518179258634854631297291564783365879421487312965
Master,5,30,Master,1791567277343471089,0.804,057430200200010000003005709020500003008000500900003020302600900000040006004081370,157439268296718435483265719721596843638124597945873621312657984879342156564981372
Master,6,28,Master,1791567277344335928,0.973,000030005000605029000000413700900004059000370100008002618000000570206000300040000,921834765437615829865792413786923154259461378143578692618359247574286931392147586
Master,7,30,Master,1791567277345371116,0.894,300102800006530140000000009030000005812000934900000080600000000071093400008605003,349172856286539147157864329734928615812756934965341782623487591571293468498615273
Master,8,30,Master,1791567277346313152,0.986,003790002040052000950080030300000015070000020120000008060070059000920060200061700,613794582748352196952186437386247915579618324124539678861473259437925861295861743
Master,9,30,Master,1791567277347328364,0.801,002100040000006005605030201003001009190000078700300400501080607300600000060002100,832159746419726835675834291283471569194265378756398412541983627328617954967542183
Master,10,30,Master,1791567277348208116,1.012,400032700000540030030070095240000006070000040100000029590060010080094000001750004,459632781817549632632871495248915376975326148163487529594263817786194253321758964
Master,11,30,Master,1791567277349260319,1.037,002530004030046000680020030900000045040000020850000001010090086000480070400062100,172539864539846217684127539923618745741953628856274391217395486365481972498762153
Master,12,28,Master,1791567277350345280,0.953,000060005000308097000000413800400001095000270600002009516000000280703000700050000,347961825152348697968275413823497561495136278671582349516829734284713956739654182
Master,13,30,Master,1791567277351355169,1.037,002704008031098500700000000900000020216000985080000004000000009007480150800106200,592714638431698572768523491974851326216347985385962714143275869627489153859136247
Master,14,28,Master,1791567277352429708,0.732,207003960000090010000502004004800026000000000680007300400308000090060000053200607,217483965845796213369512874974831526531624798682957341426378159798165432153249687
Master,15,28,Master,1791567277353226792,0.977,000060003000703081000000946200100009031000620400005008745000000320807000600090000,184569273962743581573218946257186439831974625496325718745631892329857164618492357
Master,16,30,Master,1791567277354266638,0.811,094670800800030000007009401080900007005000900100007080708200100000060002006053740,394671825812435679657829431483912567275386914169547283738294156541768392926153748
Master,17,28,Master,1791567277355139067,1.236,385701000017080000004090000060009050200000003050400080000030200000010760000602398,385761429917284536624395817763829154248156973159473682896537241432918765571642398
Master,18,30,Master,1791567277356452390,0.624,003098470000030005402500100100004020009000600020600004004006701200080000067340200,653198472971432865482567193136974528549823617728615934394256781215789346867341259
Master,19,28,Master,1791567277357127426,0.965,200010000570803000346000000400006008059000270700900001000000142000305089000020005,298417563571863924346259817412576398859134276763982451635798142127345689984621735
