difficulty,puzzle,solution
Easy,000000290000000080007020504023001009800403006600500730306040900040000000059000000,581364297462957381937128564723681459895473126614592738376845912148239675259716843
Easy,010072090800001060904600000009000317060000050751000900000007109020100004090840070,516472893872931465934685721289564317463719258751328946648257139327196584195843672
Expert,910530000700000090080010000001006007870000053300800100000050010030000002000098045,912534768743682591685917234251346987876129453394875126428753619539461872167298345
Easy,000008701090000206500370080048790020000103000030042890010064008204000010706800000,463928751897451236521376984648795123972183465135642897319264578284537619756819342
Easy,050020010204500008090600500061000800080304020002000150008005070500007304040060080,856923417234571698197648532361752849985314726472896153628435971519287364743169285
Easy,000002600005000097430010002908050030003807400070030509300070065560000900007400000,719582643825643197436719852948256731153897426672134589384971265561328974297465318
Easy,971000005063700000200090070080002730620000098037500060010040007000006140700000983,971638425463725819258194376589462731624317598137589264812943657395876142746251983
Easy,710900400000000000050640209000026700001000800004580000807062010000000000005007023,712953468469278351358641279983126745521734896674589132897362514236415987145897623
Expert,000000000050302800809070500093500080740060095080003170007080904005604030000000000,374851629156392847829476513693517482741268395582943176237185964915624738468739251
Easy,030056070902301450000000100000503840060000090085204000008000000097108504020970030,831456972972381456546729183219563847463817295785294361358642719697138524124975638
Expert,800007905305600012060500040000700400600304001004001000010005090780006504409800006,841237965375649812962518743138762459697354281524981637216475398783196524459823176
Expert,004000120005010007000009060098060700010405030003090410040900000100050200062000300,974586123685213947321749568498361752716425839253897416547932681139658274862174395
Expert,002503000980200070070060200004000050000106000010000700007020010020005039000801600,642573198985214376371968245264387951793156482518492763837629514126745839459831627
Medium,000090100000058079600000008209034510005010200061570304900000005580340000006080000,458697132123458679697123458279834516345916287861572394934761825582349761716285943
Expert,067008000050001070100070205030000006001602800800000090403090002010800050000700940,367258419952461378148973265734589126591642837826317594473195682619824753285736941
Medium,000298007000000000200500486500020809090704020702080004914002008000000000800935000,465298317183467295279513486541326879698754123732189654914672538357841962826935741
Expert,103500000009001702000908000005000078020305090910000600000106000502700400000002507,173524986859631742246978315365419278728365194914287653437156829582793461691842537
Expert,028006050400500000070900200000000046704080503850000000001003020000001009080200730,128436957496527318573918264312795846764182593859364172941873625237651489685249731
Medium,750000001016300050300080000402038010000904000030520704000060005090003120500000048,758296431916347852324185697472638519185974263639521784241869375897453126563712948
Medium,080004000600000708004008069190000030007000900050000087260900800701000004000100050,589764123612359748374218569196827435827435916453691287265943871731582694948176352
Hard,003908000608017000010004000004009601800000005309500400000400080000760504000102300,243958716658317249917624853524839671871246935369571428736495182182763594495182367
Medium,007300006300008100506190000600270800010405060002086005000049501008600004900003600,187352496394768152526194783635271849819435267472986315763849521258617934941523678
Medium,280030400900057020070000003009700010004000200030008600400000050090480006002060084,285931467943657821176824593629745318854316279731298645468173952597482136312569784
Medium,500480600020009000409000080000003140300801005012500000070000409000200070005046002,531482697728619534469357281657923148394861725812574963276138459143295876985746312
Medium,000000820900081600080270400000700002023409580600008000006057090008690004059000000,367945821942381675581276439815763942723419586694528713436157298178692354259834167
Hard,005003928004000005000900040010004506800000004403500010030005000100000800562700400,675413928394872165281956347719324586856197234423568719938245671147639852562781493
Master,100050000640107000582000000200006009095000610400300008000000387000704091000020005,179253846643187952582469173218546739395872614467391528924615387856734291731928465
Master,008400005260700000900008001509007200040000060007100509400900006000005034100004800,318426975265791483974538621539647218841259367627183549483912756792865134156374892
Master,004035290000060004102900300300009040009000700040300001001008403800050000023670500,784135296935762814162984375357819642219546738648327951571298463896453127423671589
Master,600035400000610020040080013190000004060000050800000069310050070070063000005970006,681235497739614825542789613193526784264897351857341269316452978978163542425978136
